peak_time,peak_voltage
0.365,1.6551257539995359
1.055,3.4043289789814413
1.85,7.563470337455438
2.585,4.136183741405865
3.225,4.584242784115245
4.205,4.130889055076354
4.775,3.6388709728529385
5.535,5.148166292402666
6.295,3.06031522341258
6.98,4.987039286048007
7.72,2.077489499594387
8.275,4.725648989400076
8.885,4.411173107319133
9.49,2.7232347806313
10.82,3.642323636770411
11.39,1.9437026492046012
12.185,4.323784135503064
12.945,7.65277126764844
